"Path","Extension","SizeMB","Width","Height","MaxSide","PixelFormat","Recommendation"
"img\doka\doka05.jpg",".jpg","37.59","7884","5207","7884","Format24bppRgb","Resize to web max (about 2400px) and visually-lossless recompress; consider WebP/AVIF derivative"
"img\doka\doka01.jpg",".jpg","34.72","7867","4985","7867","Format24bppRgb","Resize to web max (about 2400px) and visually-lossless recompress; consider WebP/AVIF derivative"
"img\doka\doka_bauma_(c)shopconsult (5).jpg",".jpg","32.76","7909","4600","7909","Format24bppRgb","Resize to web max (about 2400px) and visually-lossless recompress; consider WebP/AVIF derivative"
"img\doka\doka bauma 2016_13.jpg",".jpg","31.09","7814","5066","7814","Format24bppRgb","Resize to web max (about 2400px) and visually-lossless recompress; consider WebP/AVIF derivative"
"img\doka\doka02.jpg",".jpg","30.42","7809","5048","7809","Format24bppRgb","Resize to web max (about 2400px) and visually-lossless recompress; consider WebP/AVIF derivative"
"img\doka\doka07.jpg",".jpg","26.11","7952","5249","7952","Format24bppRgb","Resize to web max (about 2400px) and visually-lossless recompress; consider WebP/AVIF derivative"
"img\doka\doka_front.jpg",".jpg","25.21","7952","3981","7952","Format24bppRgb","Resize to web max (about 2400px) and visually-lossless recompress; consider WebP/AVIF derivative"
"img\doka\doka_bauma_(c)shopconsult.jpg",".jpg","21.72","7853","5188","7853","Format24bppRgb","Resize to web max (about 2400px) and visually-lossless recompress; consider WebP/AVIF derivative"
"img\doka\doka04.png",".png","20.08","6480","3840","6480","Format24bppRgb","Strong candidate for JPEG/WebP conversion; resize and optimize"
"img\doka\doka03.jpg",".jpg","18.33","7360","4912","7360","Format24bppRgb","Resize to web max (about 2400px) and visually-lossless recompress; consider WebP/AVIF derivative"
"img\mons\16831060322_5243b071aa_o.jpg",".jpg","16.86","5616","3744","5616","Format24bppRgb","Resize to web max (about 2400px) and visually-lossless recompress; consider WebP/AVIF derivative"
"img\mons\beehive-mons-2015_16831060322_o.jpg",".jpg","16.86","5616","3744","5616","Format24bppRgb","Resize to web max (about 2400px) and visually-lossless recompress; consider WebP/AVIF derivative"
"img\lightscape\lightscape02.jpg",".jpg","15.44","5104","3403","5104","Format24bppRgb","Resize to web max (about 2400px) and visually-lossless recompress; consider WebP/AVIF derivative"
"img\lightscape\lightscape06.jpg",".jpg","14.73","5184","3456","5184","Format24bppRgb","Resize to web max (about 2400px) and visually-lossless recompress; consider WebP/AVIF derivative"
"img\mons\16209829804_c55556a459_o.jpg",".jpg","14.04","5251","3501","5251","Format24bppRgb","Resize to web max (about 2400px) and visually-lossless recompress; consider WebP/AVIF derivative"
"img\mons\beehive-mons-2015_16209829804_o.jpg",".jpg","14.04","5251","3501","5251","Format24bppRgb","Resize to web max (about 2400px) and visually-lossless recompress; consider WebP/AVIF derivative"
"img\doka\doka06.jpg",".jpg","13.89","7360","4912","7360","Format24bppRgb","Resize to web max (about 2400px) and visually-lossless recompress; consider WebP/AVIF derivative"
"img\mons\16645069489_80e4af2fde_o.jpg",".jpg","13.58","5453","3636","5453","Format24bppRgb","Resize to web max (about 2400px) and visually-lossless recompress; consider WebP/AVIF derivative"
"img\mons\beehive-mons-2015_16645069489_o.jpg",".jpg","13.58","5453","3636","5453","Format24bppRgb","Resize to web max (about 2400px) and visually-lossless recompress; consider WebP/AVIF derivative"
"img\kf\KF03.png",".png","13.22","3584","1948","3584","Format32bppArgb","Strong candidate for JPEG/WebP conversion; resize and optimize"
"img\kf\KF05.png",".png","13.19","3584","1950","3584","Format32bppArgb","Strong candidate for JPEG/WebP conversion; resize and optimize"
"img\kf\KF09.png",".png","12.37","3584","1948","3584","Format32bppArgb","Strong candidate for JPEG/WebP conversion; resize and optimize"
"img\lightscape\lightscape03.jpg",".jpg","12.1","5184","3456","5184","Format24bppRgb","Resize to web max (about 2400px) and visually-lossless recompress; consider WebP/AVIF derivative"
"img\mons\16624865247_824dfd9529_o.jpg",".jpg","12.08","5244","3496","5244","Format24bppRgb","Resize to web max (about 2400px) and visually-lossless recompress; consider WebP/AVIF derivative"
"img\mons\beehive-mons-2015_16624865247_o.jpg",".jpg","12.08","5244","3496","5244","Format24bppRgb","Resize to web max (about 2400px) and visually-lossless recompress; consider WebP/AVIF derivative"
"img\tabakfabrik\IMG_3559.png",".png","11.99","5184","3456","5184","Format24bppRgb","Strong candidate for JPEG/WebP conversion; resize and optimize"
"img\tabakfabrik\IMG_3523.png",".png","11.83","5184","3456","5184","Format24bppRgb","Strong candidate for JPEG/WebP conversion; resize and optimize"
"img\mons\16623868997_72b520df6c_o.jpg",".jpg","11.63","4929","3286","4929","Format24bppRgb","Resize to web max (about 2400px) and visually-lossless recompress; consider WebP/AVIF derivative"
"img\mons\beehive-mons-2015_16623868997_o.jpg",".jpg","11.63","4929","3286","4929","Format24bppRgb","Resize to web max (about 2400px) and visually-lossless recompress; consider WebP/AVIF derivative"
"img\lightscape\lightscape03-2.jpg",".jpg","11.45","5184","3456","5184","Format24bppRgb","Resize to web max (about 2400px) and visually-lossless recompress; consider WebP/AVIF derivative"
"img\tabakfabrik\IMG_3411.png",".png","11.45","5184","3456","5184","Format24bppRgb","Strong candidate for JPEG/WebP conversion; resize and optimize"
"img\mons\16644810100_5e203f5720_o.jpg",".jpg","11.13","5297","3532","5297","Format24bppRgb","Resize to web max (about 2400px) and visually-lossless recompress; consider WebP/AVIF derivative"
"img\mons\beehive-mons-2015_16644810100_o.jpg",".jpg","11.13","5297","3532","5297","Format24bppRgb","Resize to web max (about 2400px) and visually-lossless recompress; consider WebP/AVIF derivative"
"img\kf\KF04.png",".png","10.72","3584","1944","3584","Format32bppArgb","Strong candidate for JPEG/WebP conversion; resize and optimize"
"img\tabakfabrik\IMG_3503.png",".png","10.46","5184","3456","5184","Format24bppRgb","Strong candidate for JPEG/WebP conversion; resize and optimize"
"img\tabakfabrik\IMG_3373.png",".png","10.45","5184","3456","5184","Format24bppRgb","Strong candidate for JPEG/WebP conversion; resize and optimize"
"img\lightscape\lightscape01.jpg",".jpg","9.44","5184","3456","5184","Format24bppRgb","Resize to web max (about 2400px) and visually-lossless recompress; consider WebP/AVIF derivative"
"img\lightscape\lightscape05.jpg",".jpg","8.56","5184","3456","5184","Format24bppRgb","Resize to web max (about 2400px) and visually-lossless recompress; consider WebP/AVIF derivative"
"img\lightscape\lightscape04.jpg",".jpg","8.45","5184","3456","5184","Format24bppRgb","Resize to web max (about 2400px) and visually-lossless recompress; consider WebP/AVIF derivative"
"img\tabakfabrik\IMG_3368.png",".png","8.45","5184","3456","5184","Format24bppRgb","Strong candidate for JPEG/WebP conversion; resize and optimize"
"img\tabakfabrik\IMG_3433.png",".png","7.88","5184","3456","5184","Format24bppRgb","Strong candidate for JPEG/WebP conversion; resize and optimize"
"img\lightscape\lightscape04-2.jpg",".jpg","7.78","5184","3456","5184","Format24bppRgb","Resize to web max (about 2400px) and visually-lossless recompress; consider WebP/AVIF derivative"
"img\kf\KF07.png",".png","7.76","3584","1946","3584","Format32bppArgb","Strong candidate for JPEG/WebP conversion; resize and optimize"
"img\kf\KF06.png",".png","6.89","3584","1934","3584","Format32bppArgb","Strong candidate for JPEG/WebP conversion; resize and optimize"
"img\spymuseum\at-the-spy-museum_21613565792_o.jpg",".jpg","6.64","4912","3264","4912","Format24bppRgb","Resize to web max (about 2400px) and visually-lossless recompress; consider WebP/AVIF derivative"
"img\spymuseum\impression_21437149488_o.jpg",".jpg","6.05","4007","2671","4007","Format24bppRgb","Resize to web max (about 2400px) and visually-lossless recompress; consider WebP/AVIF derivative"
"img\metec\metec06.jpg",".jpg","5.69","4912","3264","4912","Format24bppRgb","Resize to web max (about 2400px) and visually-lossless recompress; consider WebP/AVIF derivative"
"img\deathlap\pic01.png",".png","5.62","2560","1440","2560","Format24bppRgb","Strong candidate for JPEG/WebP conversion; resize and optimize"
"img\deathlap\pic05.png",".png","5.48","2560","1440","2560","Format32bppArgb","Strong candidate for JPEG/WebP conversion; resize and optimize"
"img\deathlap\pic04.png",".png","5.27","2560","1440","2560","Format32bppArgb","Strong candidate for JPEG/WebP conversion; resize and optimize"
"img\mons\16643689508_04aba913d2_o.jpg",".jpg","5.04","4032","3024","4032","Format24bppRgb","Resize to web max (about 2400px) and visually-lossless recompress; consider WebP/AVIF derivative"
"img\mons\beehive-mons-2015_16643689508_o.jpg",".jpg","5.04","4032","3024","4032","Format24bppRgb","Resize to web max (about 2400px) and visually-lossless recompress; consider WebP/AVIF derivative"
"img\deathlap\pic02.png",".png","4.91","2560","1440","2560","Format24bppRgb","Convert to JPEG/WebP unless PNG is required; otherwise lossless optimize"
"img\deathlap\pic06.png",".png","4.89","2560","1440","2560","Format24bppRgb","Convert to JPEG/WebP unless PNG is required; otherwise lossless optimize"
"img\metec\metec08.jpg",".jpg","4.59","4912","3264","4912","Format24bppRgb","Resize to web max (about 2400px) and visually-lossless recompress; consider WebP/AVIF derivative"
"img\deathlap\pic03.png",".png","4.5","2560","1440","2560","Format24bppRgb","Convert to JPEG/WebP unless PNG is required; otherwise lossless optimize"
"img\metec\metec09.jpg",".jpg","4.5","4912","3264","4912","Format24bppRgb","Resize to web max (about 2400px) and visually-lossless recompress; consider WebP/AVIF derivative"
"img\bmeia\bmeia04.jpg",".jpg","4.21","3855","2166","3855","Format24bppRgb","Resize to web max (about 2400px) and visually-lossless recompress; consider WebP/AVIF derivative"
"img\bmeia\bmeia01.jpg",".jpg","4.14","3794","2232","3794","Format24bppRgb","Resize to web max (about 2400px) and visually-lossless recompress; consider WebP/AVIF derivative"
"img\metec\metec07.jpg",".jpg","3.81","4912","3264","4912","Format24bppRgb","Resize to web max (about 2400px) and visually-lossless recompress; consider WebP/AVIF derivative"
"img\spymuseum\007--co_21410941730_o.jpg",".jpg","3.69","4928","3264","4928","Format24bppRgb","Resize to web max (about 2400px) and visually-lossless recompress; consider WebP/AVIF derivative"
"img\spymuseum\impression-from-the-spy-museum-berlin_21599017405_o.jpg",".jpg","3.16","4912","3264","4912","Format24bppRgb","Resize to web max (about 2400px) and visually-lossless recompress; consider WebP/AVIF derivative"
"img\spymuseum\impression-from-spy-museum-berlin_21412020069_o.jpg",".jpg","3.12","4912","3264","4912","Format24bppRgb","Resize to web max (about 2400px) and visually-lossless recompress; consider WebP/AVIF derivative"
"img\onceuponatale\BenKemoun_OnceUponATale.png",".png","2.81","2493","1772","2493","Format32bppArgb","Convert to JPEG/WebP unless PNG is required; otherwise lossless optimize"
"img\kf\KF01.png",".png","2.65","3584","1942","3584","Format32bppArgb","Strong candidate for JPEG/WebP conversion; resize and optimize"
"img\bmeia\bmeia03.jpg",".jpg","2.47","3264","1836","3264","Format24bppRgb","Resize to web max (about 2400px) and visually-lossless recompress; consider WebP/AVIF derivative"
"img\kf\KF02.png",".png","2.41","3584","1940","3584","Format32bppArgb","Strong candidate for JPEG/WebP conversion; resize and optimize"
"img\tabakfabrik\pic02.png",".png","1.72","1920","1280","1920","Format24bppRgb","Convert to JPEG/WebP unless PNG is required; otherwise lossless optimize"
"img\tabakfabrik\pic03.png",".png","1.7","1920","1280","1920","Format24bppRgb","Convert to JPEG/WebP unless PNG is required; otherwise lossless optimize"
"img\tabakfabrik\pic07.png",".png","1.67","1920","1280","1920","Format24bppRgb","Convert to JPEG/WebP unless PNG is required; otherwise lossless optimize"
"img\spymuseum\spy-museum-berlin_21412057309_o.jpg",".jpg","1.63","1890","1265","1890","Format24bppRgb","Visually-lossless JPEG recompress; optionally resize if displayed smaller"
"img\aef\pic02.jpg",".jpg","1.58","1920","1271","1920","Format24bppRgb","Visually-lossless JPEG recompress; optionally resize if displayed smaller"
"img\mons\16643881250_eece93aca2_o.jpg",".jpg","1.57","5783","3934","5783","Format24bppRgb","Resize to web max (about 2400px) and visually-lossless recompress; consider WebP/AVIF derivative"
"img\mons\beehive-mons-2015_16643881250_o.jpg",".jpg","1.57","5783","3934","5783","Format24bppRgb","Resize to web max (about 2400px) and visually-lossless recompress; consider WebP/AVIF derivative"
"img\spinny\pic02.png",".png","1.57","1280","720","1280","Format32bppArgb","Convert to JPEG/WebP unless PNG is required; otherwise lossless optimize"
"img\spymuseum\coding-machine-enigma_21412090749_o.jpg",".jpg","1.57","2000","2000","2000","Format24bppRgb","Visually-lossless JPEG recompress; optionally resize if displayed smaller"
"img\tabakfabrik\pic01.png",".png","1.54","1920","1280","1920","Format24bppRgb","Convert to JPEG/WebP unless PNG is required; otherwise lossless optimize"
"img\machine\machine13.jpg",".jpg","1.53","2560","1285","2560","Format24bppRgb","Visually-lossless JPEG recompress; optionally resize if displayed smaller"
"img\aef\pic03.jpg",".jpg","1.46","1920","1271","1920","Format24bppRgb","Visually-lossless JPEG recompress; optionally resize if displayed smaller"
"img\aef\pic08.jpg",".jpg","1.45","1920","1271","1920","Format24bppRgb","Visually-lossless JPEG recompress; optionally resize if displayed smaller"
"img\spinny\pic03.png",".png","1.44","1280","720","1280","Format32bppArgb","Convert to JPEG/WebP unless PNG is required; otherwise lossless optimize"
"img\aef\pic04.jpg",".jpg","1.43","1920","1271","1920","Format24bppRgb","Visually-lossless JPEG recompress; optionally resize if displayed smaller"
"img\spinny\pic08.png",".png","1.42","1280","720","1280","Format32bppArgb","Convert to JPEG/WebP unless PNG is required; otherwise lossless optimize"
"img\aef\pic01.jpg",".jpg","1.41","2362","1564","2362","Format24bppRgb","Visually-lossless JPEG recompress; optionally resize if displayed smaller"
"img\spinny\pic09.png",".png","1.41","1280","720","1280","Format32bppArgb","Convert to JPEG/WebP unless PNG is required; otherwise lossless optimize"
"img\spinny\pic10.png",".png","1.4","1280","720","1280","Format32bppArgb","Convert to JPEG/WebP unless PNG is required; otherwise lossless optimize"
"img\machine\machine19.jpg",".jpg","1.39","2560","1290","2560","Format24bppRgb","Visually-lossless JPEG recompress; optionally resize if displayed smaller"
"img\spinny\pic01.png",".png","1.37","1280","720","1280","Format32bppArgb","Convert to JPEG/WebP unless PNG is required; otherwise lossless optimize"
"img\kf\pic05.png",".png","1.36","1920","1080","1920","Format32bppArgb","Convert to JPEG/WebP unless PNG is required; otherwise lossless optimize"
"img\machine\machine16.jpg",".jpg","1.35","2560","1290","2560","Format24bppRgb","Visually-lossless JPEG recompress; optionally resize if displayed smaller"
"img\machine\machine17.jpg",".jpg","1.34","2560","1310","2560","Format24bppRgb","Visually-lossless JPEG recompress; optionally resize if displayed smaller"
"img\tabakfabrik\pic04.png",".png","1.33","1920","1280","1920","Format24bppRgb","Convert to JPEG/WebP unless PNG is required; otherwise lossless optimize"
"img\spymuseum\spy-museum_21442709989_o.jpg",".jpg","1.28","3000","2000","3000","Format24bppRgb","Resize to web max (about 2400px) and visually-lossless recompress; consider WebP/AVIF derivative"
"img\aef\pic05.jpg",".jpg","1.27","1920","1271","1920","Format24bppRgb","Visually-lossless JPEG recompress; optionally resize if displayed smaller"
"img\aef\pic06.jpg",".jpg","1.25","1564","2362","2362","Format24bppRgb","Visually-lossless JPEG recompress; optionally resize if displayed smaller"
"img\machine\machine14.jpg",".jpg","1.24","2560","1286","2560","Format24bppRgb","Visually-lossless JPEG recompress; optionally resize if displayed smaller"
"img\tabakfabrik\pic06.png",".png","1.24","1920","1280","1920","Format24bppRgb","Convert to JPEG/WebP unless PNG is required; otherwise lossless optimize"
"img\aef\JOH_20160912_10_52_01.jpg",".jpg","1.2","2362","1564","2362","Format24bppRgb","Visually-lossless JPEG recompress; optionally resize if displayed smaller"
"img\kf\pic09.png",".png","1.2","1920","1080","1920","Format32bppArgb","Convert to JPEG/WebP unless PNG is required; otherwise lossless optimize"
"img\spinny\pic07.png",".png","1.2","1280","720","1280","Format32bppArgb","Convert to JPEG/WebP unless PNG is required; otherwise lossless optimize"
"img\42\pic03.png",".png","1.19","1920","1080","1920","Format32bppArgb","Convert to JPEG/WebP unless PNG is required; otherwise lossless optimize"
"img\machine\machine15.jpg",".jpg","1.16","2560","1289","2560","Format24bppRgb","Visually-lossless JPEG recompress; optionally resize if displayed smaller"
"img\spinny\pic05.png",".png","1.16","1280","720","1280","Format32bppArgb","Convert to JPEG/WebP unless PNG is required; otherwise lossless optimize"
"img\tabakfabrik\pic05.png",".png","1.15","1920","1280","1920","Format24bppRgb","Convert to JPEG/WebP unless PNG is required; otherwise lossless optimize"
"img\bmeia\pic01.jpg",".jpg","1.14","1920","1080","1920","Format24bppRgb","Visually-lossless JPEG recompress; optionally resize if displayed smaller"
"img\machine\machine12.jpg",".jpg","1.14","2560","1289","2560","Format24bppRgb","Visually-lossless JPEG recompress; optionally resize if displayed smaller"
"img\metec\metec01.jpg",".jpg","1.14","1400","904","1400","Format24bppRgb","Visually-lossless JPEG recompress; optionally resize if displayed smaller"
"img\machine\machine18.jpg",".jpg","1.13","2560","1291","2560","Format24bppRgb","Visually-lossless JPEG recompress; optionally resize if displayed smaller"
"img\aef\JOH_20160912_13_23_56.jpg",".jpg","1.11","1564","2362","2362","Format24bppRgb","Visually-lossless JPEG recompress; optionally resize if displayed smaller"
"img\kf\pic03.png",".png","1.09","1920","1080","1920","Format32bppArgb","Convert to JPEG/WebP unless PNG is required; otherwise lossless optimize"
"img\42\pic04.png",".png","1.08","1920","1080","1920","Format32bppArgb","Convert to JPEG/WebP unless PNG is required; otherwise lossless optimize"
"img\aef\pic07.jpg",".jpg","1.08","1920","1275","1920","Format24bppRgb","Visually-lossless JPEG recompress; optionally resize if displayed smaller"
"img\42\pic02.png",".png","1.07","1920","1080","1920","Format32bppArgb","Convert to JPEG/WebP unless PNG is required; otherwise lossless optimize"
"img\metec\metec05.jpg",".jpg","1.05","1400","1049","1400","Format24bppRgb","Visually-lossless JPEG recompress; optionally resize if displayed smaller"
"img\bmeia\pic02.jpg",".jpg","0.99","1920","1080","1920","Format24bppRgb","Light JPEG recompress only; keep if already appropriate for display size"
"img\bmeia\bmeia02.jpg",".jpg","0.97","2096","1180","2096","Format24bppRgb","Visually-lossless JPEG recompress; optionally resize if displayed smaller"
"img\spinny\pic04.png",".png","0.97","1280","720","1280","Format32bppArgb","Lossless PNG optimize; consider JPEG/WebP if photographic"
"img\aef\JOH_20160912_13_44_05.jpg",".jpg","0.96","1564","2362","2362","Format24bppRgb","Visually-lossless JPEG recompress; optionally resize if displayed smaller"
"img\bmeia\pic04.jpg",".jpg","0.94","1920","1080","1920","Format24bppRgb","Light JPEG recompress only; keep if already appropriate for display size"
"img\42\pic05.png",".png","0.92","1920","1080","1920","Format32bppArgb","Lossless PNG optimize; consider JPEG/WebP if photographic"
"img\aef\JOH_20160909_15_28_06.jpg",".jpg","0.92","2362","1564","2362","Format24bppRgb","Visually-lossless JPEG recompress; optionally resize if displayed smaller"
"img\saltmine\pic01.jpg",".jpg","0.92","1772","1064","1772","Format24bppRgb","Light JPEG recompress only; keep if already appropriate for display size"
"img\42\pic01.png",".png","0.9","1920","1080","1920","Format32bppArgb","Lossless PNG optimize; consider JPEG/WebP if photographic"
"img\spymuseum\opening-of-the-spy-museum-berlin_21003850933_o.jpg",".jpg","0.9","1807","1355","1807","Format24bppRgb","Light JPEG recompress only; keep if already appropriate for display size"
"img\spymuseum\spy-museum_21638610621_o.jpg",".jpg","0.89","3000","2000","3000","Format24bppRgb","Resize to web max (about 2400px) and visually-lossless recompress; consider WebP/AVIF derivative"
"img\aef\JOH_20160910_14_39_01.jpg",".jpg","0.87","2362","1564","2362","Format24bppRgb","Visually-lossless JPEG recompress; optionally resize if displayed smaller"
"img\metec\metec04.jpg",".jpg","0.87","1400","933","1400","Format24bppRgb","Light JPEG recompress only; keep if already appropriate for display size"
"img\skater\pic04.png",".png","0.85","1400","934","1400","Format32bppArgb","Lossless PNG optimize; consider JPEG/WebP if photographic"
"img\bmeia\pic03.jpg",".jpg","0.84","1920","1080","1920","Format24bppRgb","Light JPEG recompress only; keep if already appropriate for display size"
"img\spymuseum\spy-museum_21008530863_o.jpg",".jpg","0.84","3000","2000","3000","Format24bppRgb","Resize to web max (about 2400px) and visually-lossless recompress; consider WebP/AVIF derivative"
"img\aef\JOH_20160910_14_39_39.jpg",".jpg","0.83","2362","1564","2362","Format24bppRgb","Visually-lossless JPEG recompress; optionally resize if displayed smaller"
"img\aef\JOH_20160912_13_34_38.jpg",".jpg","0.83","2362","1564","2362","Format24bppRgb","Visually-lossless JPEG recompress; optionally resize if displayed smaller"
"img\eames\Eam_Eames_Space_01_New1.jpg",".jpg","0.82","1500","1000","1500","Format24bppRgb","Light JPEG recompress only; keep if already appropriate for display size"
"img\eames\pic02.jpg",".jpg","0.82","1500","1000","1500","Format24bppRgb","Light JPEG recompress only; keep if already appropriate for display size"
"img\kf\pic04.png",".png","0.82","1920","1080","1920","Format32bppArgb","Lossless PNG optimize; consider JPEG/WebP if photographic"
"img\spymuseum\spy-museum_21008522963_o.jpg",".jpg","0.82","3000","2000","3000","Format24bppRgb","Resize to web max (about 2400px) and visually-lossless recompress; consider WebP/AVIF derivative"
"img\eames\Eam_Eames_Space_001_Picture-HEAD-Geneve_Sandra-Pointet-Baptiste-Coulon.jpg",".jpg","0.81","1500","1000","1500","Format24bppRgb","Light JPEG recompress only; keep if already appropriate for display size"
"img\eames\pic01.jpg",".jpg","0.81","1500","1000","1500","Format24bppRgb","Light JPEG recompress only; keep if already appropriate for display size"
"img\spymuseum\spy-museum_21603502826_o.jpg",".jpg","0.81","3000","2000","3000","Format24bppRgb","Resize to web max (about 2400px) and visually-lossless recompress; consider WebP/AVIF derivative"
"img\aef\JOH_20160909_15_39_50.jpg",".jpg","0.8","1564","2362","2362","Format24bppRgb","Visually-lossless JPEG recompress; optionally resize if displayed smaller"
"img\skater\pic01.png",".png","0.77","1400","934","1400","Format32bppArgb","Lossless PNG optimize; consider JPEG/WebP if photographic"
"img\skater\pic03.png",".png","0.77","1400","934","1400","Format32bppArgb","Lossless PNG optimize; consider JPEG/WebP if photographic"
"img\kf\pic07.png",".png","0.76","1920","1080","1920","Format32bppArgb","Lossless PNG optimize; consider JPEG/WebP if photographic"
"img\metec\metec03.jpg",".jpg","0.76","1400","933","1400","Format24bppRgb","Light JPEG recompress only; keep if already appropriate for display size"
"img\spymuseum\spy-museum_21006838354_o.jpg",".jpg","0.76","3000","2000","3000","Format24bppRgb","Resize to web max (about 2400px) and visually-lossless recompress; consider WebP/AVIF derivative"
"img\metec\metec02.jpg",".jpg","0.75","1400","933","1400","Format24bppRgb","Light JPEG recompress only; keep if already appropriate for display size"
"img\aef\aef-front.JPG",".jpg","0.74","4132","2324","4132","Format24bppRgb","Resize to web max (about 2400px) and visually-lossless recompress; consider WebP/AVIF derivative"
"img\mons\pic05.jpg",".jpg","0.74","1680","1120","1680","Format24bppRgb","Light JPEG recompress only; keep if already appropriate for display size"
"img\kf\pic06.png",".png","0.7","1920","1080","1920","Format24bppRgb","Lossless PNG optimize; consider JPEG/WebP if photographic"
"img\spymuseum\spy-museum_21618253152_o.jpg",".jpg","0.7","3000","2000","3000","Format24bppRgb","Resize to web max (about 2400px) and visually-lossless recompress; consider WebP/AVIF derivative"
"img\aef\JOH_20160909_15_26_30.jpg",".jpg","0.69","2362","1564","2362","Format24bppRgb","Visually-lossless JPEG recompress; optionally resize if displayed smaller"
"img\skater\pic02.png",".png","0.68","1400","934","1400","Format32bppArgb","Lossless PNG optimize; consider JPEG/WebP if photographic"
"img\spymuseum\spy-museum_21603499656_o.jpg",".jpg","0.68","3000","2000","3000","Format24bppRgb","Resize to web max (about 2400px) and visually-lossless recompress; consider WebP/AVIF derivative"
"img\spymuseum\spy-museum_21441633330_o.jpg",".jpg","0.65","3000","2000","3000","Format24bppRgb","Resize to web max (about 2400px) and visually-lossless recompress; consider WebP/AVIF derivative"
"img\spymuseum\parachute-with-carrier-pigeon_21587681802_o.jpg",".jpg","0.64","2000","2000","2000","Format24bppRgb","Visually-lossless JPEG recompress; optionally resize if displayed smaller"
"img\metec\pic03.jpg",".jpg","0.62","1920","1276","1920","Format24bppRgb","Light JPEG recompress only; keep if already appropriate for display size"
"img\spymuseum\spy-museum_21603507396_o.jpg",".jpg","0.61","2000","3000","3000","Format24bppRgb","Resize to web max (about 2400px) and visually-lossless recompress; consider WebP/AVIF derivative"
"img\mons\pic04.jpg",".jpg","0.6","1680","1120","1680","Format24bppRgb","Light JPEG recompress only; keep if already appropriate for display size"
"img\spymuseum\spy-museum_21442737529_o.jpg",".jpg","0.6","3000","2000","3000","Format24bppRgb","Resize to web max (about 2400px) and visually-lossless recompress; consider WebP/AVIF derivative"
"img\vaudoise\pic04.png",".png","0.6","1920","1080","1920","Format32bppArgb","Lossless PNG optimize; consider JPEG/WebP if photographic"
"img\metec\pic04.jpg",".jpg","0.59","1920","1276","1920","Format24bppRgb","Light JPEG recompress only; keep if already appropriate for display size"
"img\skater\pic05.png",".png","0.59","1400","934","1400","Format32bppArgb","Lossless PNG optimize; consider JPEG/WebP if photographic"
"img\metec\pic07.jpg",".jpg","0.58","1400","904","1400","Format24bppRgb","Light JPEG recompress only; keep if already appropriate for display size"
"img\mons\pic06.jpg",".jpg","0.58","1680","1120","1680","Format24bppRgb","Light JPEG recompress only; keep if already appropriate for display size"
"img\eames\Eam_Eames_Space_003_Picture-HEAD-Geneve_Sandra-Pointet-Baptiste-Coulon.jpg",".jpg","0.57","1500","1000","1500","Format24bppRgb","Light JPEG recompress only; keep if already appropriate for display size"
"img\eames\Eam_Eames_Space_004_Picture-HEAD-Geneve_Sandra-Pointet-Baptiste-Coulon1.jpg",".jpg","0.57","1500","1000","1500","Format24bppRgb","Light JPEG recompress only; keep if already appropriate for display size"
"img\eames\pic05.jpg",".jpg","0.57","1500","1000","1500","Format24bppRgb","Light JPEG recompress only; keep if already appropriate for display size"
"img\eames\pic06.jpg",".jpg","0.57","1500","1000","1500","Format24bppRgb","Light JPEG recompress only; keep if already appropriate for display size"
"img\ao\pic14.jpg",".jpg","0.56","2560","1440","2560","Format24bppRgb","Visually-lossless JPEG recompress; optionally resize if displayed smaller"
"img\machine\machine02.jpg",".jpg","0.56","2560","1310","2560","Format24bppRgb","Visually-lossless JPEG recompress; optionally resize if displayed smaller"
"img\onceuponatale\HanselAndGretel06_905.png",".png","0.56","841","612","841","Format24bppRgb","Lossless PNG optimize; consider JPEG/WebP if photographic"
"img\onceuponatale\pic04.png",".png","0.56","841","612","841","Format24bppRgb","Lossless PNG optimize; consider JPEG/WebP if photographic"
"img\spymuseum\pic06.jpg",".jpg","0.56","1920","1280","1920","Format24bppRgb","Light JPEG recompress only; keep if already appropriate for display size"
"img\lightscape\pic02.jpg",".jpg","0.55","1920","1280","1920","Format24bppRgb","Light JPEG recompress only; keep if already appropriate for display size"
"img\machine\machine11.jpg",".jpg","0.55","2560","1310","2560","Format24bppRgb","Visually-lossless JPEG recompress; optionally resize if displayed smaller"
"img\machine\pic07.jpg",".jpg","0.55","1920","966","1920","Format24bppRgb","Light JPEG recompress only; keep if already appropriate for display size"
"img\spymuseum\pic03.jpg",".jpg","0.55","1920","1280","1920","Format24bppRgb","Light JPEG recompress only; keep if already appropriate for display size"
"img\spymuseum\pic09.jpg",".jpg","0.55","1920","1280","1920","Format24bppRgb","Light JPEG recompress only; keep if already appropriate for display size"
"img\ao\pic01.jpg",".jpg","0.54","2560","1440","2560","Format24bppRgb","Visually-lossless JPEG recompress; optionally resize if displayed smaller"
"img\machine\pic01.jpg",".jpg","0.54","1920","967","1920","Format24bppRgb","Light JPEG recompress only; keep if already appropriate for display size"
"img\machine\pic06.jpg",".jpg","0.54","1920","968","1920","Format24bppRgb","Light JPEG recompress only; keep if already appropriate for display size"
"img\machine\pic09.jpg",".jpg","0.54","1920","968","1920","Format24bppRgb","Light JPEG recompress only; keep if already appropriate for display size"
"img\metec\pic06.jpg",".jpg","0.54","1400","933","1400","Format24bppRgb","Light JPEG recompress only; keep if already appropriate for display size"
"img\onceuponatale\HanselAndGretel07_905.png",".png","0.54","841","612","841","Format24bppRgb","Lossless PNG optimize; consider JPEG/WebP if photographic"
"img\onceuponatale\pic05.png",".png","0.54","841","612","841","Format24bppRgb","Lossless PNG optimize; consider JPEG/WebP if photographic"
"img\spymuseum\laser-parcours_21006845734_o.jpg",".jpg","0.54","3000","2000","3000","Format24bppRgb","Resize to web max (about 2400px) and visually-lossless recompress; consider WebP/AVIF derivative"
"img\machine\pic04.jpg",".jpg","0.53","1920","967","1920","Format24bppRgb","Light JPEG recompress only; keep if already appropriate for display size"
"img\metec\pic01.jpg",".jpg","0.53","1400","1049","1400","Format24bppRgb","Light JPEG recompress only; keep if already appropriate for display size"
"img\spymuseum\spy-museum_21006853404_o.jpg",".jpg","0.53","3000","2000","3000","Format24bppRgb","Resize to web max (about 2400px) and visually-lossless recompress; consider WebP/AVIF derivative"
"img\spymuseum\spy-museum_21629727645_o.jpg",".jpg","0.53","3000","2000","3000","Format24bppRgb","Resize to web max (about 2400px) and visually-lossless recompress; consider WebP/AVIF derivative"
"img\fireplace\pic01.jpg",".jpg","0.52","1920","1372","1920","Format24bppRgb","Light JPEG recompress only; keep if already appropriate for display size"
"img\fireplace\pic02.jpg",".jpg","0.52","1920","1372","1920","Format24bppRgb","Light JPEG recompress only; keep if already appropriate for display size"
"img\machine\pic02.jpg",".jpg","0.52","1920","964","1920","Format24bppRgb","Light JPEG recompress only; keep if already appropriate for display size"
"img\metec\pic02.jpg",".jpg","0.52","1920","1276","1920","Format24bppRgb","Light JPEG recompress only; keep if already appropriate for display size"
"img\onceuponatale\HanselAndGretel08_905.png",".png","0.52","841","612","841","Format24bppRgb","Lossless PNG optimize; consider JPEG/WebP if photographic"
"img\onceuponatale\pic06.png",".png","0.52","841","612","841","Format24bppRgb","Lossless PNG optimize; consider JPEG/WebP if photographic"
"img\ao\pic04.jpg",".jpg","0.51","2560","1440","2560","Format24bppRgb","Visually-lossless JPEG recompress; optionally resize if displayed smaller"
"img\mons\pic07.jpg",".jpg","0.51","1680","1143","1680","Format24bppRgb","Light JPEG recompress only; keep if already appropriate for display size"
"img\skater\pic07.png",".png","0.51","1400","927","1400","Format32bppArgb","Lossless PNG optimize; consider JPEG/WebP if photographic"
"img\machine\machine09.jpg",".jpg","0.5","2560","1310","2560","Format24bppRgb","Visually-lossless JPEG recompress; optionally resize if displayed smaller"
"img\skater\pic06.png",".png","0.5","1400","927","1400","Format32bppArgb","Lossless PNG optimize; consider JPEG/WebP if photographic"
"img\spymuseum\pic04.jpg",".jpg","0.5","1920","1280","1920","Format24bppRgb","Light JPEG recompress only; keep if already appropriate for display size"
"img\doka\pic02.jpg",".jpg","0.49","1920","1241","1920","Format24bppRgb","Light JPEG recompress only; keep if already appropriate for display size"
"img\machine\machine10.jpg",".jpg","0.49","2560","1310","2560","Format24bppRgb","Visually-lossless JPEG recompress; optionally resize if displayed smaller"
"img\onceuponatale\HanselAndGretel04_905.png",".png","0.49","841","612","841","Format24bppRgb","Lossless PNG optimize; consider JPEG/WebP if photographic"
"img\skater\pic08.png",".png","0.49","1400","927","1400","Format32bppArgb","Lossless PNG optimize; consider JPEG/WebP if photographic"
"img\vaudoise\pic02.png",".png","0.49","1920","1080","1920","Format32bppArgb","Lossless PNG optimize; consider JPEG/WebP if photographic"
"img\ao\pic03.jpg",".jpg","0.48","2560","1440","2560","Format24bppRgb","Visually-lossless JPEG recompress; optionally resize if displayed smaller"
"img\ao\pic06.jpg",".jpg","0.48","2560","1440","2560","Format24bppRgb","Visually-lossless JPEG recompress; optionally resize if displayed smaller"
"img\ao\pic07.jpg",".jpg","0.48","2560","1440","2560","Format24bppRgb","Visually-lossless JPEG recompress; optionally resize if displayed smaller"
"img\ao\pic08.jpg",".jpg","0.48","2560","1440","2560","Format24bppRgb","Visually-lossless JPEG recompress; optionally resize if displayed smaller"
"img\lightscape\pic05.jpg",".jpg","0.48","1920","1280","1920","Format24bppRgb","Light JPEG recompress only; keep if already appropriate for display size"
"img\machine\machine01.jpg",".jpg","0.48","2560","1310","2560","Format24bppRgb","Visually-lossless JPEG recompress; optionally resize if displayed smaller"
"img\mons\pic02.jpg",".jpg","0.48","1920","1280","1920","Format24bppRgb","Light JPEG recompress only; keep if already appropriate for display size"
"img\spymuseum\pic05.jpg",".jpg","0.48","1920","1280","1920","Format24bppRgb","Light JPEG recompress only; keep if already appropriate for display size"
"img\machine\pic08.jpg",".jpg","0.47","1920","968","1920","Format24bppRgb","Light JPEG recompress only; keep if already appropriate for display size"
"img\onceuponatale\HanselAndGretel01_905.png",".png","0.47","841","612","841","Format32bppArgb","Lossless PNG optimize; consider JPEG/WebP if photographic"
"img\onceuponatale\pic01.png",".png","0.47","841","612","841","Format32bppArgb","Lossless PNG optimize; consider JPEG/WebP if photographic"
"img\skater\pic09.png",".png","0.47","1400","927","1400","Format32bppArgb","Lossless PNG optimize; consider JPEG/WebP if photographic"
"img\spymuseum\pic02.jpg",".jpg","0.47","1920","1280","1920","Format24bppRgb","Light JPEG recompress only; keep if already appropriate for display size"
"img\spymuseum\pic07.jpg",".jpg","0.47","1920","1920","1920","Format24bppRgb","Light JPEG recompress only; keep if already appropriate for display size"
"img\spymuseum\pic10.jpg",".jpg","0.47","1920","1272","1920","Format24bppRgb","Light JPEG recompress only; keep if already appropriate for display size"
"img\vaudoise\pic07.png",".png","0.47","1920","1078","1920","Format32bppArgb","Lossless PNG optimize; consider JPEG/WebP if photographic"
"img\ao\pic11.jpg",".jpg","0.46","2560","1440","2560","Format24bppRgb","Visually-lossless JPEG recompress; optionally resize if displayed smaller"
"img\lightscape\pic01.jpg",".jpg","0.46","1920","1280","1920","Format24bppRgb","Light JPEG recompress only; keep if already appropriate for display size"
"img\machine\machine05.jpg",".jpg","0.46","2560","1310","2560","Format24bppRgb","Visually-lossless JPEG recompress; optionally resize if displayed smaller"
"img\machine\pic03.jpg",".jpg","0.46","1920","967","1920","Format24bppRgb","Light JPEG recompress only; keep if already appropriate for display size"
"img\metec\pic05.jpg",".jpg","0.46","1920","1276","1920","Format24bppRgb","Light JPEG recompress only; keep if already appropriate for display size"
"img\saltmine\JOH_20160303_14_50_24.jpg",".jpg","0.46","1772","1174","1772","Format24bppRgb","Light JPEG recompress only; keep if already appropriate for display size"
"img\vaudoise\pic06.png",".png","0.46","1920","1080","1920","Format32bppArgb","Lossless PNG optimize; consider JPEG/WebP if photographic"
"img\ao\pic12.jpg",".jpg","0.45","2560","1440","2560","Format24bppRgb","Visually-lossless JPEG recompress; optionally resize if displayed smaller"
"img\doka\pic01.jpg",".jpg","0.44","1920","1217","1920","Format24bppRgb","Light JPEG recompress only; keep if already appropriate for display size"
"img\machine\pic05.jpg",".jpg","0.44","1920","968","1920","Format24bppRgb","Light JPEG recompress only; keep if already appropriate for display size"
"img\spymuseum\pic01.jpg",".jpg","0.44","1920","1280","1920","Format24bppRgb","Light JPEG recompress only; keep if already appropriate for display size"
"img\spymuseum\pic08.jpg",".jpg","0.44","1920","1276","1920","Format24bppRgb","Light JPEG recompress only; keep if already appropriate for display size"
"img\machine\machine07.jpg",".jpg","0.43","2560","1310","2560","Format24bppRgb","Visually-lossless JPEG recompress; optionally resize if displayed smaller"
"img\onceuponatale\HanselAndGretel05_905.png",".png","0.43","841","612","841","Format24bppRgb","Lossless PNG optimize; consider JPEG/WebP if photographic"
"img\onceuponatale\pic03.png",".png","0.43","841","612","841","Format24bppRgb","Lossless PNG optimize; consider JPEG/WebP if photographic"
"img\saltmine\pic07.jpg",".jpg","0.43","1772","1174","1772","Format24bppRgb","Light JPEG recompress only; keep if already appropriate for display size"
"img\ao\pic09.jpg",".jpg","0.42","2560","1440","2560","Format24bppRgb","Visually-lossless JPEG recompress; optionally resize if displayed smaller"
"img\machine\machine08.jpg",".jpg","0.42","2560","1310","2560","Format24bppRgb","Visually-lossless JPEG recompress; optionally resize if displayed smaller"
"img\machine\machine03.jpg",".jpg","0.41","2560","1310","2560","Format24bppRgb","Visually-lossless JPEG recompress; optionally resize if displayed smaller"
"img\machine\machine04.jpg",".jpg","0.41","2560","1310","2560","Format24bppRgb","Visually-lossless JPEG recompress; optionally resize if displayed smaller"
"img\vaudoise\pic01.png",".png","0.41","1920","1080","1920","Format32bppArgb","Lossless PNG optimize; consider JPEG/WebP if photographic"
"img\ao\pic02.jpg",".jpg","0.4","2560","1440","2560","Format24bppRgb","Visually-lossless JPEG recompress; optionally resize if displayed smaller"
"img\ao\pic05.jpg",".jpg","0.4","2560","1440","2560","Format24bppRgb","Visually-lossless JPEG recompress; optionally resize if displayed smaller"
"img\ao\pic13.jpg",".jpg","0.4","2560","1440","2560","Format24bppRgb","Visually-lossless JPEG recompress; optionally resize if displayed smaller"
"img\machine\machine06.jpg",".jpg","0.4","2560","1310","2560","Format24bppRgb","Visually-lossless JPEG recompress; optionally resize if displayed smaller"
"img\onceuponatale\HanselAndGretel02_905.png",".png","0.4","841","612","841","Format24bppRgb","Lossless PNG optimize; consider JPEG/WebP if photographic"
"img\onceuponatale\pic02.png",".png","0.4","841","612","841","Format24bppRgb","Lossless PNG optimize; consider JPEG/WebP if photographic"
"img\spinny\spinny.png",".png","0.4","960","542","960","Format32bppArgb","Lossless PNG optimize; consider JPEG/WebP if photographic"
"img\doka\pic06.jpg",".jpg","0.39","1920","1281","1920","Format24bppRgb","Light JPEG recompress only; keep if already appropriate for display size"
"img\lightscape\pic03.jpg",".jpg","0.39","1920","1280","1920","Format24bppRgb","Light JPEG recompress only; keep if already appropriate for display size"
"img\aef\aef.jpg",".jpg","0.38","960","540","960","Format24bppRgb","Light JPEG recompress only; keep if already appropriate for display size"
"img\lightscape\pic06.jpg",".jpg","0.38","1920","1280","1920","Format24bppRgb","Light JPEG recompress only; keep if already appropriate for display size"
"img\onceuponatale\pic07.png",".png","0.37","841","612","841","Format24bppRgb","Lossless PNG optimize; consider JPEG/WebP if photographic"
"img\onceuponatale\pic08.png",".png","0.37","841","612","841","Format24bppRgb","Lossless PNG optimize; consider JPEG/WebP if photographic"
"img\onceuponatale\PussBoots05_905.png",".png","0.37","841","612","841","Format24bppRgb","Lossless PNG optimize; consider JPEG/WebP if photographic"
"img\onceuponatale\PussBoots07_905.png",".png","0.37","841","612","841","Format24bppRgb","Lossless PNG optimize; consider JPEG/WebP if photographic"
"img\lightscape\pic04.jpg",".jpg","0.36","1920","1280","1920","Format24bppRgb","Light JPEG recompress only; keep if already appropriate for display size"
"img\vaudoise\pic08.png",".png","0.35","1920","1081","1920","Format32bppArgb","Lossless PNG optimize; consider JPEG/WebP if photographic"
"img\doka\pic07.jpg",".jpg","0.34","1920","1267","1920","Format24bppRgb","Light JPEG recompress only; keep if already appropriate for display size"
"img\eames\eames.png",".png","0.34","611","370","611","Format24bppRgb","Lossless PNG optimize; consider JPEG/WebP if photographic"
"img\vaudoise\vaudoisEscape.png",".png","0.34","961","961","961","Format32bppArgb","Lossless PNG optimize; consider JPEG/WebP if photographic"
"img\mons\Cafe_Europa-01.jpg",".jpg","0.33","1500","844","1500","Format24bppRgb","Light JPEG recompress only; keep if already appropriate for display size"
"img\saltmine\JOH_20160322_13_34_03.jpg",".jpg","0.33","1772","1174","1772","Format24bppRgb","Light JPEG recompress only; keep if already appropriate for display size"
"img\skater\pic10.png",".png","0.33","1400","927","1400","Format32bppArgb","Lossless PNG optimize; consider JPEG/WebP if photographic"
"img\ao\pic10.jpg",".jpg","0.32","2560","1440","2560","Format24bppRgb","Visually-lossless JPEG recompress; optionally resize if displayed smaller"
"img\saltmine\JOH_20160322_13_32_00.jpg",".jpg","0.32","1772","1174","1772","Format24bppRgb","Light JPEG recompress only; keep if already appropriate for display size"
"img\saltmine\JOH_20160322_13_34_11.jpg",".jpg","0.32","1772","1174","1772","Format24bppRgb","Light JPEG recompress only; keep if already appropriate for display size"
"img\saltmine\pic02.jpg",".jpg","0.32","1772","1174","1772","Format24bppRgb","Light JPEG recompress only; keep if already appropriate for display size"
"img\eames\Eam_Eames_Space_02_New.jpg",".jpg","0.31","667","1000","1000","Format24bppRgb","Light JPEG recompress only; keep if already appropriate for display size"
"img\saltmine\JOH_20160322_13_31_57.jpg",".jpg","0.31","1772","1174","1772","Format24bppRgb","Light JPEG recompress only; keep if already appropriate for display size"
"img\saltmine\pic04.jpg",".jpg","0.31","1772","1174","1772","Format24bppRgb","Light JPEG recompress only; keep if already appropriate for display size"
"img\doka\doka.jpg",".jpg","0.3","960","481","960","Format24bppRgb","Light JPEG recompress only; keep if already appropriate for display size"
"img\doka\pic04.jpg",".jpg","0.3","1920","1138","1920","Format24bppRgb","Light JPEG recompress only; keep if already appropriate for display size"
"img\mons\pic01.jpg",".jpg","0.3","1313","739","1313","Format24bppRgb","Light JPEG recompress only; keep if already appropriate for display size"
"img\saltmine\JOH_20160322_11_49_30.jpg",".jpg","0.3","1772","1174","1772","Format24bppRgb","Light JPEG recompress only; keep if already appropriate for display size"
"img\42\42.png",".png","0.29","960","540","960","Format32bppArgb","Lossless PNG optimize; consider JPEG/WebP if photographic"
"img\bmeia\bmeia.jpg",".jpg","0.29","960","540","960","Format24bppRgb","Light JPEG recompress only; keep if already appropriate for display size"
"img\doka\pic03.jpg",".jpg","0.29","1920","1281","1920","Format24bppRgb","Light JPEG recompress only; keep if already appropriate for display size"
"img\fireplace\fireplace.jpg",".jpg","0.29","960","686","960","Format24bppRgb","Light JPEG recompress only; keep if already appropriate for display size"
"img\kf\pic01.png",".png","0.28","1920","1080","1920","Format32bppArgb","Lossless PNG optimize; consider JPEG/WebP if photographic"
"img\onceuponatale\14152756660_127416bf63_o(1).jpg",".jpg","0.28","3200","2133","3200","Format24bppRgb","Resize to web max (about 2400px) and visually-lossless recompress; consider WebP/AVIF derivative"
"img\tabakfabrik\tabakfabrik.jpg",".jpg","0.28","960","640","960","Format24bppRgb","Light JPEG recompress only; keep if already appropriate for display size"
"img\doka\pic05.jpg",".jpg","0.27","1920","1268","1920","Format24bppRgb","Light JPEG recompress only; keep if already appropriate for display size"
"img\saltmine\pic06.jpg",".jpg","0.27","1772","1174","1772","Format24bppRgb","Light JPEG recompress only; keep if already appropriate for display size"
"img\baudata\pic06.jpg",".jpg","0.26","2554","1340","2554","Format24bppRgb","Visually-lossless JPEG recompress; optionally resize if displayed smaller"
"img\deathlap\deathlap.png",".png","0.26","960","540","960","Format8bppIndexed","Lossless PNG optimize; consider JPEG/WebP if photographic"
"img\onceuponatale\onceuponatale.jpg",".jpg","0.26","985","510","985","Format24bppRgb","Light JPEG recompress only; keep if already appropriate for display size"
"img\saltmine\JOH_20160322_13_32_32.jpg",".jpg","0.26","1772","1174","1772","Format24bppRgb","Light JPEG recompress only; keep if already appropriate for display size"
"img\spinny\pic06.jpg",".jpg","0.26","1280","720","1280","Format24bppRgb","Light JPEG recompress only; keep if already appropriate for display size"
"img\kf\pic02.png",".png","0.24","1920","1080","1920","Format32bppArgb","Lossless PNG optimize; consider JPEG/WebP if photographic"
"img\saltmine\JOH_20160322_13_33_19.jpg",".jpg","0.24","1772","1174","1772","Format24bppRgb","Light JPEG recompress only; keep if already appropriate for display size"
"img\skater\picture08_t.png",".png","0.24","400","267","400","Format24bppRgb","Lossless PNG optimize; consider JPEG/WebP if photographic"
"img\skater\picture09_t.png",".png","0.24","400","267","400","Format24bppRgb","Lossless PNG optimize; consider JPEG/WebP if photographic"
"img\skater\skater.jpg",".jpg","0.24","950","540","950","Format24bppRgb","Light JPEG recompress only; keep if already appropriate for display size"
"img\baudata\pic02.jpg",".jpg","0.23","2554","1340","2554","Format24bppRgb","Visually-lossless JPEG recompress; optionally resize if displayed smaller"
"img\saltmine\pic03.jpg",".jpg","0.23","1772","1174","1772","Format24bppRgb","Light JPEG recompress only; keep if already appropriate for display size"
"img\vaudoise\pic03.png",".png","0.23","1920","1079","1920","Format32bppArgb","Lossless PNG optimize; consider JPEG/WebP if photographic"
"img\baudata\pic01.jpg",".jpg","0.22","2554","1340","2554","Format24bppRgb","Visually-lossless JPEG recompress; optionally resize if displayed smaller"
"img\baudata\pic09.jpg",".jpg","0.22","2554","1340","2554","Format24bppRgb","Visually-lossless JPEG recompress; optionally resize if displayed smaller"
"img\baudata\pic10.jpg",".jpg","0.22","2554","1340","2554","Format24bppRgb","Visually-lossless JPEG recompress; optionally resize if displayed smaller"
"img\metec\metec.jpg",".jpg","0.22","914","640","914","Format24bppRgb","Light JPEG recompress only; keep if already appropriate for display size"
"img\mons\10997021_692015894254437_271379059917464801_o.jpg",".jpg","0.22","1443","960","1443","Format24bppRgb","Light JPEG recompress only; keep if already appropriate for display size"
"img\onceuponatale\ipad-copy_905.jpg",".jpg","0.22","804","416","804","Format24bppRgb","Light JPEG recompress only; keep if already appropriate for display size"
"img\saltmine\JOH_20160322_13_57_18.jpg",".jpg","0.22","1772","1174","1772","Format24bppRgb","Light JPEG recompress only; keep if already appropriate for display size"
"img\skater\picture06_t.png",".png","0.22","400","267","400","Format24bppRgb","Lossless PNG optimize; consider JPEG/WebP if photographic"
"img\skater\picture07_t.png",".png","0.22","400","267","400","Format24bppRgb","Lossless PNG optimize; consider JPEG/WebP if photographic"
"img\mons\10986889_692016900921003_784477360724116813_o.jpg",".jpg","0.21","1444","960","1444","Format24bppRgb","Light JPEG recompress only; keep if already appropriate for display size"
"img\mons\11103252_699617106827649_3739121677682064599_o.jpg",".jpg","0.21","1443","960","1443","Format24bppRgb","Light JPEG recompress only; keep if already appropriate for display size"
"img\mons\bienenstock.jpg",".jpg","0.21","1279","905","1279","Format24bppRgb","Light JPEG recompress only; keep if already appropriate for display size"
"img\baudata\pic05.jpg",".jpg","0.2","2560","1398","2560","Format24bppRgb","Visually-lossless JPEG recompress; optionally resize if displayed smaller"
"img\mons\mons.jpg",".jpg","0.2","974","436","974","Format24bppRgb","Light JPEG recompress only; keep if already appropriate for display size"
"img\mons\screenshot_mons_web-16x9.jpg",".jpg","0.2","1370","771","1370","Format24bppRgb","Light JPEG recompress only; keep if already appropriate for display size"
"img\saltmine\saltmine.jpg",".jpg","0.2","974","563","974","Format24bppRgb","Light JPEG recompress only; keep if already appropriate for display size"
"img\ao\ao.png",".png","0.19","960","542","960","Format8bppIndexed","Lossless PNG optimize; consider JPEG/WebP if photographic"
"img\baudata\pic03.jpg",".jpg","0.19","2560","1340","2560","Format24bppRgb","Visually-lossless JPEG recompress; optionally resize if displayed smaller"
"img\mons\11041224_721822731273753_7218712084995556674_o.jpg",".jpg","0.19","1443","960","1443","Format24bppRgb","Light JPEG recompress only; keep if already appropriate for display size"
"img\vaudoise\pic05.png",".png","0.19","1920","1081","1920","Format32bppArgb","Lossless PNG optimize; consider JPEG/WebP if photographic"
"img\lightscape\lightscape.jpg",".jpg","0.18","825","556","825","Format24bppRgb","Light JPEG recompress only; keep if already appropriate for display size"
"img\mons\10397107_691055874350439_6479681457228131873_o.jpg",".jpg","0.18","1444","960","1444","Format24bppRgb","Light JPEG recompress only; keep if already appropriate for display size"
"img\baudata\pic04.jpg",".jpg","0.17","2554","1340","2554","Format24bppRgb","Visually-lossless JPEG recompress; optionally resize if displayed smaller"
"img\baudata\pic08.jpg",".jpg","0.17","2560","1396","2560","Format24bppRgb","Visually-lossless JPEG recompress; optionally resize if displayed smaller"
"img\saltmine\JOH_20160322_13_32_48.jpg",".jpg","0.17","1772","1174","1772","Format24bppRgb","Light JPEG recompress only; keep if already appropriate for display size"
"img\saltmine\JOH_20160322_13_58_22.jpg",".jpg","0.17","1772","1174","1772","Format24bppRgb","Light JPEG recompress only; keep if already appropriate for display size"
"img\saltmine\pic05.jpg",".jpg","0.17","1772","1174","1772","Format24bppRgb","Light JPEG recompress only; keep if already appropriate for display size"
"img\mons\11080808_699616963494330_1560175507492417611_o.jpg",".jpg","0.16","1443","960","1443","Format24bppRgb","Light JPEG recompress only; keep if already appropriate for display size"
"img\saltmine\JOH_20160322_13_32_49.jpg",".jpg","0.16","1772","1174","1772","Format24bppRgb","Light JPEG recompress only; keep if already appropriate for display size"
"img\baudata\pic07.jpg",".jpg","0.15","2090","1264","2090","Format24bppRgb","Visually-lossless JPEG recompress; optionally resize if displayed smaller"
"img\saltmine\pic08.jpg",".jpg","0.15","1181","782","1181","Format24bppRgb","Light JPEG recompress only; keep if already appropriate for display size"
"img\baudata\baudata.png",".png","0.14","2560","1398","2560","Format32bppArgb","Convert to JPEG/WebP unless PNG is required; otherwise lossless optimize"
"img\mons\pic03.jpg",".jpg","0.13","1120","840","1120","Format24bppRgb","Light JPEG recompress only; keep if already appropriate for display size"
"img\mons\11046303_694828743973152_5309194539921800757_o.jpg",".jpg","0.12","1443","960","1443","Format24bppRgb","Light JPEG recompress only; keep if already appropriate for display size"
"img\saltmine\JOH_20160322_13_59_29.jpg",".jpg","0.12","1772","1174","1772","Format24bppRgb","Light JPEG recompress only; keep if already appropriate for display size"
"img\mons\20150210_HIM05475_him.jpg",".jpg","0.11","1280","960","1280","Format24bppRgb","Light JPEG recompress only; keep if already appropriate for display size"
"img\onceuponatale\14608425452_3a0b75cb0a_o.jpg",".jpg","0.1","1200","800","1200","Format24bppRgb","Light JPEG recompress only; keep if already appropriate for display size"
"img\onceuponatale\MG_4213-1024x682.jpg",".jpg","0.1","1024","682","1024","Format24bppRgb","Light JPEG recompress only; keep if already appropriate for display size"
"img\kf\kf.png",".png","0.09","960","540","960","Format32bppArgb","Lossless PNG optimize; consider JPEG/WebP if photographic"
"img\mons\beehive-mons-2015-d146fb-h900.jpg",".jpg","0.09","1280","720","1280","Format24bppRgb","Light JPEG recompress only; keep if already appropriate for display size"
"img\skater\pic03.jpg",".jpg","0.09","400","267","400","Format24bppRgb","Light JPEG recompress only; keep if already appropriate for display size"
"img\skater\picture10_t.png",".png","0.09","400","267","400","Format24bppRgb","Lossless PNG optimize; consider JPEG/WebP if photographic"
"img\mons\10314697_693766900746003_7528383509624339002_n.jpg",".jpg","0.08","960","640","960","Format24bppRgb","Light JPEG recompress only; keep if already appropriate for display size"
"img\skater\pic01.jpg",".jpg","0.08","400","267","400","Format24bppRgb","Light JPEG recompress only; keep if already appropriate for display size"
"img\skater\pic02.jpg",".jpg","0.08","400","267","400","Format24bppRgb","Light JPEG recompress only; keep if already appropriate for display size"
"img\skater\pic04.jpg",".jpg","0.08","400","267","400","Format24bppRgb","Light JPEG recompress only; keep if already appropriate for display size"
"img\eames\pic04.jpg",".jpg","0.07","736","490","736","Format24bppRgb","Light JPEG recompress only; keep if already appropriate for display size"
"img\mons\11066727_711558625633497_8658650463839851206_n.jpg",".jpg","0.07","960","720","960","Format24bppRgb","Light JPEG recompress only; keep if already appropriate for display size"
"img\mons\1477963_711558605633499_324673484092487093_n.jpg",".jpg","0.07","960","720","960","Format24bppRgb","Light JPEG recompress only; keep if already appropriate for display size"
"img\mons\16645069489_b745929bf3.jpg",".jpg","0.07","500","333","500","Format24bppRgb","Light JPEG recompress only; keep if already appropriate for display size"
"img\skater\pic05.jpg",".jpg","0.07","400","267","400","Format24bppRgb","Light JPEG recompress only; keep if already appropriate for display size"
"img\eames\re-think_the_eames_head-geneve_salone_del_mobile_milan2013chead-geneve_sandrapointetbaptistecoulon_02.jpg",".jpg","0.06","920","613","920","Format24bppRgb","Light JPEG recompress only; keep if already appropriate for display size"
"img\mons\16644810100_0177fd52f9.jpg",".jpg","0.06","500","333","500","Format24bppRgb","Light JPEG recompress only; keep if already appropriate for display size"
"img\mons\201503271814341354.jpg",".jpg","0.06","600","436","600","Format24bppRgb","Light JPEG recompress only; keep if already appropriate for display size"
"img\baudata\baudata.jpg",".jpg","0.05","960","524","960","Format24bppRgb","Light JPEG recompress only; keep if already appropriate for display size"
"img\eames\milan2013_-_2.jpeg",".jpeg","0.05","920","614","920","Format24bppRgb","Light JPEG recompress only; keep if already appropriate for display size"
"img\eames\milan2013-5.jpeg",".jpeg","0.05","920","614","920","Format24bppRgb","Light JPEG recompress only; keep if already appropriate for display size"
"img\eames\milan2013-6.jpeg",".jpeg","0.05","920","614","920","Format24bppRgb","Light JPEG recompress only; keep if already appropriate for display size"
"img\eames\pic07.jpg",".jpg","0.05","800","533","800","Format24bppRgb","Light JPEG recompress only; keep if already appropriate for display size"
"img\eames\re-think_the_eames_head-geneve_salone_del_mobile_milan2013chead-geneve_sandrapointetbaptistecoulon_01.jpg",".jpg","0.05","920","613","920","Format24bppRgb","Light JPEG recompress only; keep if already appropriate for display size"
"img\eames\Re-Think-The-Eames.jpg",".jpg","0.05","520","333","520","Format24bppRgb","Light JPEG recompress only; keep if already appropriate for display size"
"img\mons\11059727_691004431022250_7606381025648082005_n.jpg",".jpg","0.05","700","408","700","Format24bppRgb","Light JPEG recompress only; keep if already appropriate for display size"
"img\mons\bienenstock_ok-image.jpg",".jpg","0.05","825","500","825","Format24bppRgb","Light JPEG recompress only; keep if already appropriate for display size"
"img\spymuseum\spymuseum.jpg",".jpg","0.05","640","640","640","Format24bppRgb","Light JPEG recompress only; keep if already appropriate for display size"
"img\bmeia\bmeia_old.jpg",".jpg","0.04","460","240","460","Format24bppRgb","Light JPEG recompress only; keep if already appropriate for display size"
"img\eames\milan_2013-3.jpeg",".jpeg","0.04","920","614","920","Format24bppRgb","Light JPEG recompress only; keep if already appropriate for display size"
"img\eames\milan2013-7.jpeg",".jpeg","0.04","920","614","920","Format24bppRgb","Light JPEG recompress only; keep if already appropriate for display size"
"img\eames\pic03.jpeg",".jpeg","0.04","920","614","920","Format24bppRgb","Light JPEG recompress only; keep if already appropriate for display size"
"img\skater\picture.png",".png","0.04","400","265","400","Format32bppArgb","Lossless PNG optimize; consider JPEG/WebP if photographic"
"img\ao\award-ao-casualconnect-2018-v3@2x.png",".png","0.01","400","267","400","Format32bppArgb","Lossless PNG optimize; consider JPEG/WebP if photographic"
"img\ao\award-ao-halo-award-2018-v3@2x.png",".png","0.01","400","267","400","Format32bppArgb","Lossless PNG optimize; consider JPEG/WebP if photographic"
"img\ao\award-ao-imga-2019-v3@2x.png",".png","0.01","400","267","400","Format32bppArgb","Lossless PNG optimize; consider JPEG/WebP if photographic"
"img\ao\award-ao-indigo-award-2019-v3@2x.png",".png","0.01","400","267","400","Format32bppArgb","Lossless PNG optimize; consider JPEG/WebP if photographic"
"img\ao\award-ao-ludicious-2019-v3@2x.png",".png","0.01","400","267","400","Format32bppArgb","Lossless PNG optimize; consider JPEG/WebP if photographic"
"img\deathlap\award-dl-halo-2019@2x.png",".png","0.01","400","267","400","Format32bppArgb","Lossless PNG optimize; consider JPEG/WebP if photographic"
"img\email.png",".png","0.01","256","256","256","Format32bppArgb","Lossless PNG optimize; consider JPEG/WebP if photographic"
"img\github.png",".png","0.01","256","256","256","Format32bppArgb","Lossless PNG optimize; consider JPEG/WebP if photographic"
"img\controls\pause.png",".png","0","132","108","132","Format32bppArgb","Lossless PNG optimize; consider JPEG/WebP if photographic"
"img\controls\play.png",".png","0","132","108","132","Format32bppArgb","Lossless PNG optimize; consider JPEG/WebP if photographic"
"img\controls\stop.png",".png","0","132","108","132","Format32bppArgb","Lossless PNG optimize; consider JPEG/WebP if photographic"
"img\linkedin.png",".png","0","256","256","256","Format32bppArgb","Lossless PNG optimize; consider JPEG/WebP if photographic"
